Product_Name,Brand,Processor,RAM,Storage,Screen_Size,Operating_System,Rating,Ratings_Count,Reviews_Count,Selling_Price,Original_Price,Discount,Product_URL
MOTOROLA Motobook 60 Pro Full Metal AI PC WUXGA OLED Intel Core Ultra 5 225H - (16 GB/512 GB SSD/Windo...,MOTOROLA,Intel Core Ultra 5,16 GB,512 GB SSD,14 inch,Windows 11,4.5,985,144,84990,145000.0,41.0,https://www.flipkart.com/motorola-motobook-60-pro-full-metal-ai-pc-wuxga-oled-intel-core-ultra-5-225h-16-gb-512-gb-ssd-windows-11-home-14iah101-thin-light-laptop/p/itm9ac7ced9934c6
MOTOROLA Motobook 60 Full Metal WUXGA OLED Intel Core 5 210H - (16 GB/512 GB SSD/Windows 11 Home) 14IR...,MOTOROLA,Intel Core 5,16 GB,512 GB SSD,14 inch,Windows 11,4.4,3850,507,69990,135000.0,48.0,https://www.flipkart.com/motorola-motobook-60-full-metal-wuxga-oled-intel-core-5-210h-16-gb-512-gb-ssd-windows-11-home-14irh10r-thin-light-laptop/p/itm2928b4d532ca8
Lenovo Chromebook 11IJL9 Intel Celeron Dual Core N4500 - (4 GB/64 GB EMMC Storage/Chrome OS) Chromeboo...,Lenovo,Intel Celeron Dual Core,4 GB,64 GB EMMC,11.6 inch,Chrome OS,3.8,399,57,15990,36502.0,56.0,https://www.flipkart.com/lenovo-chromebook-11ijl9-intel-celeron-dual-core-n4500-4-gb-64-gb-emmc-storage-chrome-os/p/itmd2a376187074e
"Apple MacBook Air (M5, 2026) M5 - (16 GB/512 GB SSD/Tahoe) MDH74HN/A",Apple,Apple M5,16 GB,512 GB SSD,13.6 inch,Mac OS,4.7,1373,150,149900,,,https://www.flipkart.com/apple-macbook-air-m5-2026-m5-16-gb-512-gb-ssd-tahoe-mdh74hn-a/p/itm7780abdd2be7d
HP Intel Celeron Dual Core N4500 - (8 GB/512 GB SSD/Windows 11 Home) 14s-dq3149TU / 14s-dq3141TU Thin ...,HP,Intel Celeron Dual Core,8 GB,512 GB SSD,14 inch,Windows 11 Home,3.7,1090,88,31933,,,https://www.flipkart.com/hp-intel-celeron-dual-core-n4500-8-gb-512-gb-ssd-windows-11-home-14s-dq3149tu-14s-dq3141tu-thin-light-laptop/p/itm3f0d1db2ec65e
Primebook 2 Pro (2026) in-Built AI MediaTek Helio G99 (MT8781) - (8 GB/128 GB/Android 15) PBG9914128#4...,Primebook,MediaTek Helio G99 (MT8781),8 GB,128 GB,14.1 inch,Android,4.4,1941,679,28490,39990.0,28.0,https://www.flipkart.com/primebook-2-pro-2026-in-built-ai-mediatek-helio-g99-mt8781-8-gb-128-gb-android-15-pbg9914128-4278c-laptop/p/itmdbf8db6a6f79a
Samsung Galaxy Book4 Edge Series Copilot AI-PC Full Metal Chasis Snapdragon X - (16 GB/512 GB SSD/Wind...,Samsung,Snapdragon X,16 GB,512 GB SSD,15.6 inch,Windows 11,4.4,3343,413,69990,92390.0,24.0,https://www.flipkart.com/samsung-galaxy-book4-edge-series-copilot-ai-pc-full-metal-chasis-snapdragon-x-16-gb-512-gb-ssd-windows-11-home-np750xqb-ka1in-thin-light-laptop/p/itm1d61ec8d90cc7
"Apple MacBook Air (M5, 2026) M5 - (16 GB/512 GB SSD/Tahoe) MDHE4HN/A",Apple,Apple M5,16 GB,512 GB SSD,13.6 inch,Mac OS,4.7,1373,150,149900,,,https://www.flipkart.com/apple-macbook-air-m5-2026-m5-16-gb-512-gb-ssd-tahoe-mdhe4hn-a/p/itm8505e2f874525
Lenovo Chromebook MediaTek Kompanio 520 - (4 GB/128 GB EMMC Storage/Chrome OS) 14M868 Chromebook,Lenovo,MediaTek Kompanio 520,4 GB,128 GB EMMC,14 inch,Chrome OS,3.9,4041,383,26990,57390.0,52.0,https://www.flipkart.com/lenovo-chromebook-mediatek-kompanio-520-4-gb-128-gb-emmc-storage-chrome-os-14m868/p/itm4dc67999fe3de
Neopticon BrowseBook Intel Celeron Dual Core N4020 - (4 GB/128 GB SSD/Windows 11 Home) BBN40412814 Lap...,Neopticon,Intel Celeron Dual Core,4 GB,128 GB SSD,14.1 inch,Windows 11 Home,3.6,226,31,22499,25499.0,11.0,https://www.flipkart.com/neopticon-browsebook-intel-celeron-dual-core-n4020-4-gb-128-gb-ssd-windows-11-home-bbn40412814-laptop/p/itm8249747b82715
Acer Aspire Lite Metal (2026) AMD Ryzen 3 Quad Core 5400U - (8 GB/256 GB SSD/Windows 11 Home) AL15-41 ...,Acer,AMD Ryzen 3 Quad Core,8 GB,256 GB SSD,15.6 inch,Windows 11,4.1,937,93,36990,52990.0,30.0,https://www.flipkart.com/acer-aspire-lite-metal-2026-amd-ryzen-3-quad-core-5400u-8-gb-256-gb-ssd-windows-11-home-al15-41-thin-light-laptop/p/itm1bc0bcb4598e7
Lenovo Legion 5 (2026) WQXGA OLED AMD Ryzen 7 Octa Core 250 - (16 GB/512 GB SSD/Windows 11 Home/8 GB G...,Lenovo,AMD Ryzen 7 Octa Core,16 GB,512 GB SSD,15.3 inch,Windows 11 Home,4.7,62,13,239490,377890.0,36.0,https://www.flipkart.com/lenovo-legion-5-2026-wqxga-oled-amd-ryzen-7-octa-core-250-16-gb-512-gb-ssd-windows-11-home-8-graphics-nvidia-geforce-rtx-5060-15ahp11-gaming-laptop/p/itm36608ea14a70c
Acer Aspire 3 (i3 14th Gen) Intel Core 3 100U - (8 GB/512 GB SSD/Windows 11 Home) A324-53 Notebook,Acer,Intel Core 3,8 GB,512 GB SSD,14 inch,Windows 11 Home,4.3,310,39,49990,94999.0,47.0,https://www.flipkart.com/acer-aspire-3-i3-14th-gen-intel-core-100u-8-gb-512-gb-ssd-windows-11-home-a324-53-notebook/p/itmcc145dc1a3908
Primebook 2 Max (2026) in-Built AI MediaTek Helio G99 (MT8781) - (8 GB/256 GB/Android 15) PBG9915256#4...,Primebook,MediaTek Helio G99 (MT8781),8 GB,256 GB,15.6 inch,Android,4.4,1941,679,32990,49990.0,34.0,https://www.flipkart.com/primebook-2-max-2026-in-built-ai-mediatek-helio-g99-mt8781-8-gb-256-gb-android-15-pbg9915256-4278c-laptop/p/itmf01b454e9ac40
ASUS ExpertBook P1 with 1 Yr ADP (i5 14th Gen) Intel Core 5 210H - (16 GB/512 GB SSD/Windows 11 Home) ...,ASUS,Intel Core 5,16 GB,512 GB SSD,15.6 inch,Windows 11 Home,4.4,1170,138,70990,89990.0,21.0,https://www.flipkart.com/asus-expertbook-p1-1-yr-adp-i5-14th-gen-intel-core-5-210h-16-gb-512-gb-ssd-windows-11-home-p1503cva-s72222ws-p1503cvayb-s73386ws-laptop/p/itmfe48dae26f674
HP MSO 2024 Intel Core i3 13th Gen 1315U - (16 GB/512 GB SSD/Windows 11 Home) 15-fd0574TU / 15 - fd066...,HP,Intel Core i3,16 GB,512 GB SSD,15.6 inch,Windows 11 Home,4.2,3452,244,50903,,,https://www.flipkart.com/hp-mso-2024-intel-core-i3-13th-gen-1315u-16-gb-512-gb-ssd-windows-11-home-15-fd0574tu-15-fd0668tu-thin-light-laptop/p/itmcb9e5b7b2d3fb
Primebook 2 Max (2026) in-Built AI MediaTek Helio G99 (MT8781) - (8 GB/128 GB/Android 15) PBG9915128#4...,Primebook,MediaTek Helio G99 (MT8781),8 GB,128 GB,15.6 inch,Android,4.4,25,8,30990,44990.0,31.0,https://www.flipkart.com/primebook-2-max-2026-in-built-ai-mediatek-helio-g99-mt8781-8-gb-128-gb-android-15-pbg9915128-4278c-laptop/p/itm711826e62d95e
Lenovo LOQ Intel Core i7 13th Gen i7-13650HX - (16 GB/512 GB SSD/Windows 11 Home/6 GB Graphics/NVIDIA ...,Lenovo,Intel Core i7,16 GB,512 GB SSD,15.6 inch,Windows 11 Home,4.4,115,17,170990,280690.0,39.0,https://www.flipkart.com/lenovo-loq-intel-core-i7-13th-gen-i7-13650hx-16-gb-512-gb-ssd-windows-11-home-6-graphics-nvidia-geforce-rtx-4050-144-hz-15irx9-gaming-laptop/p/itm61da51077426d
DELL 15 AMD Ryzen 5 Quad Core 7520U - (8 GB/512 GB SSD/Windows 11 Home) DC15255 / 15 D15260 Thin and L...,DELL,AMD Ryzen 5 Quad Core,8 GB,512 GB SSD,15.6 inch,Windows 11,4.0,43,7,54990,91207.0,39.0,https://www.flipkart.com/dell-15-amd-ryzen-5-quad-core-7520u-8-gb-512-gb-ssd-windows-11-home-dc15255-d15260-thin-light-laptop/p/itm8f051647982f9
DELL Alienware 15 AMD Ryzen 7 260 - (16 GB/512 GB SSD/Windows 11 Home/6 GB Graphics/NVIDIA GeForce RTX...,DELL,AMD Ryzen 7,16 GB,512 GB SSD,15 inch,Windows 11 Home,4.4,26,5,139990,168144.0,16.0,https://www.flipkart.com/dell-alienware-15-amd-ryzen-7-260-16-gb-512-gb-ssd-windows-11-home-6-graphics-nvidia-geforce-rtx-4050-165-hz-can15265cto04mino-gaming-laptop/p/itm032b809caeee3
